Experiment,Mineral_source,Mineral,UO2CO3,mu,Uranyl_Complex,uranium_total,Site_Density
1,7,0,-14.621,0.0196937,-6.9194,-6.6777807052660805,-4.54327863489071
2,7,0,-11.417,0.0165179,-6.9146,-6.6777807052660805,-4.54327863489071
3,7,0,-7.8877,0.0164445,-8.3969,-6.6777807052660805,-4.54327863489071
4,7,0,-8.1447,0.0164481,-9.3649,-6.6777807052660805,-4.54327863489071
5,7,0,-9.0917,0.0164521,-11.483,-6.6777807052660805,-4.54327863489071
6,7,0,-9.8895,0.0164554,-12.993,-6.6777807052660805,-4.54327863489071
7,7,0,-11.482,0.106121,-6.4695,-6.0,-3.4765802871384253
8,7,0,-10.433,0.106006,-6.4792,-6.0,-3.4765802871384253
9,7,0,-9.3612,0.105971,-6.5145,-6.0,-3.4765802871384253
10,7,0,-8.6532,0.105963,-6.5815,-6.0,-3.4765802871384253
11,7,0,-7.9286,0.10596,-6.7684,-6.0,-3.4765802871384253
12,7,0,-7.5258,0.10596,-7.1661,-6.0,-3.4765802871384253
13,7,0,-7.4912,0.105963,-7.8712,-6.0,-3.4765802871384253
14,7,0,-7.7733,0.105966,-8.8744,-6.0,-3.4765802871384253
15,7,0,-8.0542,0.105968,-9.5647,-6.0,-3.4765802871384253
16,7,0,-8.4136,0.105969,-10.35,-6.0,-3.4765802871384253
17,7,0,-8.9441,0.10597,-11.43,-6.0,-3.4765802871384253
18,7,0,-9.916,0.105978,-13.233,-6.0,-3.4765802871384253
19,0,0,-11.502,0.106125,-6.4694,-6.0,-3.759881515841975
20,0,0,-10.465,0.106007,-6.4787,-6.0,-3.759881515841975
21,0,0,-9.363,0.105971,-6.5144,-6.0,-3.759881515841975
22,0,0,-8.6773,0.105963,-6.5781,-6.0,-3.759881515841975
23,0,0,-7.9365,0.10596,-6.7648,-6.0,-3.759881515841975
24,0,0,-7.5376,0.10596,-7.1371,-6.0,-3.759881515841975
25,0,0,-7.4893,0.105963,-7.8585,-6.0,-3.759881515841975
26,0,0,-7.7688,0.105966,-8.8623,-6.0,-3.759881515841975
27,0,0,-8.0488,0.105968,-9.5526,-6.0,-3.759881515841975
28,0,0,-8.3963,0.105969,-10.313,-6.0,-3.759881515841975
29,0,0,-8.9441,0.10597,-11.43,-6.0,-3.759881515841975
30,0,0,-9.9173,0.105978,-13.236,-6.0,-3.759881515841975
31,0,0,-11.52,0.106128,-6.4693,-6.0,-3.4588515201779937
32,0,0,-10.486,0.106009,-6.4784,-6.0,-3.4588515201779937
33,0,0,-9.3743,0.105971,-6.5138,-6.0,-3.4588515201779937
34,0,0,-8.6669,0.105963,-6.5796,-6.0,-3.4588515201779937
35,0,0,-7.9351,0.10596,-6.7654,-6.0,-3.4588515201779937
36,0,0,-7.5339,0.10596,-7.1458,-6.0,-3.4588515201779937
37,0,0,-7.4885,0.105963,-7.8531,-6.0,-3.4588515201779937
38,0,0,-7.7532,0.105966,-8.8199,-6.0,-3.4588515201779937
39,0,0,-8.0259,0.105968,-9.4997,-6.0,-3.4588515201779937
40,0,0,-8.3896,0.105969,-10.299,-6.0,-3.4588515201779937
41,0,0,-8.9256,0.10597,-11.393,-6.0,-3.4588515201779937
42,0,0,-9.8882,0.105978,-13.186,-6.0,-3.4588515201779937
43,0,0,-10.743,0.105997,-14.504,-6.0,-3.4588515201779937
44,6,0,-12.694,0.0169848,-6.606,-6.376750709602099,-2.856791528850031
45,6,0,-10.28,0.0164713,-6.63,-6.376750709602099,-2.856791528850031
46,6,0,-8.8457,0.0164446,-6.7564,-6.376750709602099,-2.856791528850031
47,6,0,-8.6793,0.0164436,-6.791,-6.376750709602099,-2.856791528850031
48,6,0,-8.1223,0.0164417,-6.9838,-6.376750709602099,-2.856791528850031
49,6,0,-7.6461,0.0164427,-7.5047,-6.376750709602099,-2.856791528850031
50,6,0,-7.8955,0.0164497,-9.1272,-6.376750709602099,-2.856791528850031
51,6,0,-8.3771,0.016453,-10.288,-6.376750709602099,-2.856791528850031
52,6,0,-9.558,0.0164575,-12.657,-6.376750709602099,-2.856791528850031
53,6,0,-10.013,0.0164618,-13.468,-6.376750709602099,-2.856791528850031
54,1,0,-11.589,0.00918111,-6.1769,-6.0,-2.3382775889721437
55,1,0,-11.523,0.00916461,-6.1771,-6.0,-2.3382775889721437
56,1,0,-10.329,0.00900851,-6.1904,-6.0,-2.3382775889721437
57,1,0,-10.076,0.00899526,-6.1969,-6.0,-2.3382775889721437
58,1,0,-9.5116,0.0089766,-6.2211,-6.0,-2.3382775889721437
59,1,0,-9.1683,0.00896998,-6.2463,-6.0,-2.3382775889721437
60,1,0,-8.8147,0.00896543,-6.2861,-6.0,-2.3382775889721437
61,1,0,-8.5346,0.00896295,-6.3329,-6.0,-2.3382775889721437
62,1,0,-8.2918,0.0089614,-6.3899,-6.0,-2.3382775889721437
63,1,0,-7.8524,0.00895966,-6.5657,-6.0,-2.3382775889721437
64,1,0,-7.5091,0.00895937,-6.929,-6.0,-2.3382775889721437
65,1,0,-7.4108,0.00896146,-7.6871,-6.0,-2.3382775889721437
66,1,0,-11.881,0.0117655,-6.1949,-6.0,-2.3382775889721437
67,1,0,-11.377,0.0116295,-6.1965,-6.0,-2.3382775889721437
68,1,0,-11.152,0.0115902,-6.198,-6.0,-2.3382775889721437
69,1,0,-10.309,0.0115078,-6.2099,-6.0,-2.3382775889721437
70,1,0,-9.867,0.011488,-6.2232,-6.0,-2.3382775889721437
71,1,0,-9.3449,0.0114745,-6.2515,-6.0,-2.3382775889721437
72,1,0,-9.3208,0.011474,-6.2533,-6.0,-2.3382775889721437
73,1,0,-8.7802,0.0114667,-6.311,-6.0,-2.3382775889721437
74,1,0,-8.5766,0.011465,-6.3451,-6.0,-2.3382775889721437
75,1,0,-8.4153,0.0114638,-6.3793,-6.0,-2.3382775889721437
76,1,0,-8.1089,0.0114623,-6.4698,-6.0,-2.3382775889721437
77,1,0,-7.7078,0.0114612,-6.6961,-6.0,-2.3382775889721437
78,1,0,-7.4497,0.0114616,-7.1611,-6.0,-2.3382775889721437
79,1,0,-7.4185,0.011463,-7.6205,-6.0,-2.3382775889721437
80,1,0,-7.7347,0.0114682,-8.9461,-6.0,-2.3382775889721437
81,1,0,-11.976,0.0569482,-6.3603,-6.0,-2.3382775889721437
82,1,0,-10.662,0.056769,-6.3721,-6.0,-2.3382775889721437
83,1,0,-10.08,0.0567448,-6.3871,-6.0,-2.3382775889721437
84,1,0,-9.8288,0.0567385,-6.3976,-6.0,-2.3382775889721437
85,1,0,-9.3791,0.056731,-6.4264,-6.0,-2.3382775889721437
86,1,0,-9.1396,0.0567284,-6.4496,-6.0,-2.3382775889721437
87,1,0,-8.8235,0.0567258,-6.493,-6.0,-2.3382775889721437
88,1,0,-8.5964,0.0567245,-6.5372,-6.0,-2.3382775889721437
89,1,0,-8.1889,0.056723,-6.6631,-6.0,-2.3382775889721437
90,1,0,-7.7868,0.0567223,-6.9519,-6.0,-2.3382775889721437
91,1,0,-7.5861,0.0567234,-7.5678,-6.0,-2.3382775889721437
92,1,0,-11.998,0.0569542,-6.3603,-6.0,-2.3382775889721437
93,1,0,-10.709,0.0567718,-6.3713,-6.0,-2.3382775889721437
94,1,0,-10.089,0.0567451,-6.3868,-6.0,-2.3382775889721437
95,1,0,-9.8421,0.0567388,-6.3969,-6.0,-2.3382775889721437
96,1,0,-9.4344,0.0567317,-6.422,-6.0,-2.3382775889721437
97,1,0,-9.1647,0.0567286,-6.4468,-6.0,-2.3382775889721437
98,1,0,-8.8542,0.056726,-6.488,-6.0,-2.3382775889721437
99,1,0,-8.6566,0.0567248,-6.5242,-6.0,-2.3382775889721437
100,1,0,-8.2307,0.0567231,-6.6461,-6.0,-2.3382775889721437
101,1,0,-7.8279,0.0567223,-6.9032,-6.0,-2.3382775889721437
102,1,0,-7.593,0.0567231,-7.4874,-6.0,-2.3382775889721437
103,1,0,-7.7861,0.0567281,-8.8217,-6.0,-2.3382775889721437
104,1,0,-8.3894,0.0567329,-10.362,-6.0,-2.3382775889721437
105,1,0,-8.8377,0.0567345,-11.308,-6.0,-2.3382775889721437
106,1,0,-9.2833,0.0567365,-12.189,-6.0,-2.3382775889721437
107,1,0,-9.6314,0.0567393,-12.84,-6.0,-2.3382775889721437
108,1,0,-9.9084,0.056743,-13.328,-6.0,-2.3382775889721437
109,1,0,-10.19,0.0567482,-13.793,-6.0,-2.3382775889721437
110,1,0,-10.448,0.0567544,-14.191,-6.0,-2.3382775889721437
111,1,0,-11.956,0.056943,-6.3604,-6.0,-2.3382775889721437
112,1,0,-10.658,0.0567688,-6.3721,-6.0,-2.3382775889721437
113,1,0,-10.053,0.0567441,-6.3881,-6.0,-2.3382775889721437
114,1,0,-9.8155,0.0567383,-6.3982,-6.0,-2.3382775889721437
115,1,0,-9.3865,0.0567311,-6.4258,-6.0,-2.3382775889721437
116,1,0,-9.1432,0.0567284,-6.4492,-6.0,-2.3382775889721437
117,1,0,-8.8252,0.0567258,-6.4928,-6.0,-2.3382775889721437
118,1,0,-8.5884,0.0567245,-6.539,-6.0,-2.3382775889721437
119,1,0,-8.2,0.056723,-6.6585,-6.0,-2.3382775889721437
120,1,0,-7.7802,0.0567223,-6.9606,-6.0,-2.3382775889721437
121,1,0,-7.5855,0.0567234,-7.5779,-6.0,-2.3382775889721437
122,1,0,-11.31,0.0568247,-6.364,-6.0,-2.3382775889721437
123,1,0,-10.601,0.0567657,-6.3732,-6.0,-2.3382775889721437
124,1,0,-10.109,0.0567457,-6.3861,-6.0,-2.3382775889721437
125,1,0,-9.1182,0.0567282,-6.452,-6.0,-2.3382775889721437
126,1,0,-9.0067,0.0567272,-6.4658,-6.0,-2.3382775889721437
127,1,0,-8.6272,0.0567247,-6.5304,-6.0,-2.3382775889721437
128,1,0,-8.3155,0.0567234,-6.6151,-6.0,-2.3382775889721437
129,1,0,-7.9371,0.0567224,-6.8045,-6.0,-2.3382775889721437
130,1,0,-7.7199,0.0567224,-7.0538,-6.0,-2.3382775889721437
131,1,0,-7.6092,0.0567229,-7.3771,-6.0,-2.3382775889721437
132,1,0,-7.6148,0.0567228,-7.3482,-6.0,-2.3382775889721437
133,1,0,-7.5825,0.0567239,-7.7326,-6.0,-2.3382775889721437
134,1,0,-12.298,0.0572187,-8.7673,-6.0,-2.3382775889721437
135,1,0,-11.128,0.0572208,-8.7955,-6.0,-2.3382775889721437
136,1,0,-11.006,0.057221,-8.7969,-6.0,-2.3382775889721437
137,1,0,-10.408,0.0572217,-8.8018,-6.0,-2.3382775889721437
138,1,0,-9.9181,0.0572224,-8.8052,-6.0,-2.3382775889721437
139,1,0,-9.5285,0.0572231,-8.8086,-6.0,-2.3382775889721437
140,1,0,-9.4836,0.0572231,-8.8091,-6.0,-2.3382775889721437
141,1,0,-9.2083,0.0572238,-8.8131,-6.0,-2.3382775889721437
142,1,0,-9.2796,0.0572236,-8.8119,-6.0,-2.3382775889721437
143,1,0,-8.9104,0.0572247,-8.8204,-6.0,-2.3382775889721437
144,1,0,-11.446,0.0116431,-6.1962,-6.0,-2.3382775889721437
145,1,0,-10.849,0.0115503,-6.2009,-6.0,-2.3382775889721437
146,1,0,-10.136,0.011498,-6.2143,-6.0,-2.3382775889721437
147,1,0,-10.332,0.0115084,-6.2094,-6.0,-2.3382775889721437
148,1,0,-9.9691,0.0114909,-6.2195,-6.0,-2.3382775889721437
149,1,0,-9.6854,0.0114815,-6.2312,-6.0,-2.3382775889721437
150,1,0,-9.5132,0.0114772,-6.2404,-6.0,-2.3382775889721437
151,1,0,-8.9026,0.0114672,-6.2945,-6.0,-2.3382775889721437
152,1,0,-8.8692,0.0114668,-6.2988,-6.0,-2.3382775889721437
153,1,0,-8.488,0.0114635,-6.3631,-6.0,-2.3382775889721437
154,1,0,-8.0935,0.0114614,-6.4757,-6.0,-2.3382775889721437
155,1,0,-7.7402,0.0114604,-6.6688,-6.0,-2.3382775889721437
156,1,0,-7.6684,0.0114603,-6.7345,-6.0,-2.3382775889721437
157,1,0,-7.5984,0.0114603,-6.8178,-6.0,-2.3382775889721437
158,1,0,-7.447,0.0114608,-7.1773,-6.0,-2.3382775889721437
159,1,0,-7.4416,0.011463,-7.8433,-6.0,-2.3382775889721437
160,1,0,-10.754,0.0119542,-8.8642,-6.0,-2.3382775889721437
161,1,0,-10.364,0.0119549,-8.8678,-6.0,-2.3382775889721437
162,1,0,-9.6171,0.0119564,-8.8734,-6.0,-2.3382775889721437
163,1,0,-9.4669,0.0119567,-8.8748,-6.0,-2.3382775889721437
164,1,0,-9.3006,0.0119572,-8.8768,-6.0,-2.3382775889721437
165,1,0,-8.6153,0.0119598,-8.8963,-6.0,-2.3382775889721437
166,1,0,-8.1966,0.0119624,-8.9476,-6.0,-2.3382775889721437
167,1,0,-11.609,0.00918637,-6.1769,-6.0,-2.3382775889721437
168,1,0,-10.337,0.00900899,-6.1902,-6.0,-2.3382775889721437
169,1,0,-10.049,0.00899405,-6.1977,-6.0,-2.3382775889721437
170,1,0,-9.4966,0.00897625,-6.222,-6.0,-2.3382775889721437
171,1,0,-9.1738,0.00897006,-6.2458,-6.0,-2.3382775889721437
172,1,0,-8.8234,0.00896552,-6.2849,-6.0,-2.3382775889721437
173,1,0,-8.5379,0.00896298,-6.3322,-6.0,-2.3382775889721437
174,1,0,-8.3011,0.00896145,-6.3874,-6.0,-2.3382775889721437
175,1,0,-7.8427,0.00895964,-6.5714,-6.0,-2.3382775889721437
176,1,0,-7.5109,0.00895937,-6.9252,-6.0,-2.3382775889721437
177,1,0,-7.411,0.00896147,-7.6889,-6.0,-2.3382775889721437
178,1,0,-11.955,0.0077001,-6.465,-6.301029995663981,-2.3382775889721437
179,1,0,-10.906,0.00752748,-6.4732,-6.301029995663981,-2.3382775889721437
180,1,0,-10.432,0.00749683,-6.4832,-6.301029995663981,-2.3382775889721437
181,1,0,-9.8639,0.00747666,-6.5057,-6.301029995663981,-2.3382775889721437
182,1,0,-9.3041,0.0074664,-6.5491,-6.301029995663981,-2.3382775889721437
183,1,0,-8.861,0.00746196,-6.6119,-6.301029995663981,-2.3382775889721437
184,1,0,-8.4054,0.00745943,-6.7254,-6.301029995663981,-2.3382775889721437
185,1,0,-7.6186,0.00745915,-7.3972,-6.301029995663981,-2.3382775889721437
186,1,0,-12.358,0.011508,-8.2087,-8.0,-3.3382775889721437
187,1,0,-11.944,0.0114881,-8.2201,-8.0,-3.3382775889721437
188,1,0,-11.322,0.0114715,-8.252,-8.0,-3.3382775889721437
189,1,0,-10.531,0.0114624,-8.3469,-8.0,-3.3382775889721437
190,1,0,-9.3478,0.0114598,-8.8636,-8.0,-3.3382775889721437
191,1,0,-9.2145,0.0114604,-9.0036,-8.0,-3.3382775889721437
192,1,0,-9.0073,0.0114624,-9.3691,-8.0,-3.3382775889721437
193,1,0,-11.401,0.0115109,-7.2078,-7.0,-3.3382775889721437
194,1,0,-11.04,0.0114921,-7.2169,-7.0,-3.3382775889721437
195,1,0,-10.556,0.0114765,-7.2373,-7.0,-3.3382775889721437
196,1,0,-9.5566,0.0114627,-7.3428,-7.0,-3.3382775889721437
197,1,0,-8.4911,0.0114596,-7.7569,-7.0,-3.3382775889721437
198,1,0,-8.1831,0.0114608,-8.1215,-7.0,-3.3382775889721437
199,1,0,-8.1333,0.0114614,-8.256,-7.0,-3.3382775889721437
200,1,0,-9.8325,0.011486,-6.2247,-6.0,-3.3382775889721437
201,1,0,-9.0884,0.0114695,-6.2736,-6.0,-3.3382775889721437
202,1,0,-8.2309,0.011462,-6.429,-6.0,-3.3382775889721437
203,1,0,-7.4723,0.0114606,-7.0776,-6.0,-3.3382775889721437
204,1,0,-7.4222,0.0114613,-7.3532,-6.0,-3.3382775889721437
205,1,0,-7.5865,0.0114763,-5.4194,-5.0,-3.3382775889721437
206,1,0,-7.0036,0.0114636,-6.4155,-5.0,-3.3382775889721437
207,1,0,-6.9762,0.0114639,-6.8501,-5.0,-3.3382775889721437
208,1,0,-13.315,0.0116149,-8.1969,-8.0,-2.3382775889721437
209,1,0,-12.638,0.0115282,-8.2037,-8.0,-2.3382775889721437
210,1,0,-12.002,0.0114903,-8.2181,-8.0,-2.3382775889721437
211,1,0,-11.865,0.0114852,-8.223,-8.0,-2.3382775889721437
212,1,0,-11.685,0.0114797,-8.2306,-8.0,-2.3382775889721437
213,1,0,-11.482,0.0114747,-8.2414,-8.0,-2.3382775889721437
214,1,0,-11.246,0.0114702,-8.2578,-8.0,-2.3382775889721437
215,1,0,-10.82,0.0114647,-8.3015,-8.0,-2.3382775889721437
216,1,0,-10.486,0.0114621,-8.3555,-8.0,-2.3382775889721437
217,1,0,-10.043,0.0114601,-8.4709,-8.0,-2.3382775889721437
218,1,0,-9.1573,0.0114607,-9.0783,-8.0,-2.3382775889721437
219,1,0,-12.184,0.0115926,-7.1978,-7.0,-2.3382775889721437
220,1,0,-11.456,0.0115145,-7.2068,-7.0,-2.3382775889721437
221,1,0,-11.048,0.0114924,-7.2167,-7.0,-2.3382775889721437
222,1,0,-10.867,0.0114855,-7.2229,-7.0,-2.3382775889721437
223,1,0,-10.56,0.0114766,-7.237,-7.0,-2.3382775889721437
224,1,0,-10.054,0.0114675,-7.275,-7.0,-2.3382775889721437
225,1,0,-9.5399,0.0114625,-7.3459,-7.0,-2.3382775889721437
226,1,0,-9.4359,0.0114619,-7.3664,-7.0,-2.3382775889721437
227,1,0,-9.2729,0.011461,-7.4043,-7.0,-2.3382775889721437
228,1,0,-8.7868,0.0114596,-7.5774,-7.0,-2.3382775889721437
229,1,0,-8.3403,0.0114599,-7.8928,-7.0,-2.3382775889721437
230,1,0,-11.441,0.0116418,-6.1963,-6.0,-2.3382775889721437
231,1,0,-10.849,0.0115503,-6.2009,-6.0,-2.3382775889721437
232,1,0,-10.299,0.0115065,-6.2102,-6.0,-2.3382775889721437
233,1,0,-9.9807,0.0114913,-6.2191,-6.0,-2.3382775889721437
234,1,0,-9.6816,0.0114814,-6.2314,-6.0,-2.3382775889721437
235,1,0,-9.4944,0.0114767,-6.2416,-6.0,-2.3382775889721437
236,1,0,-8.8833,0.011467,-6.2969,-6.0,-2.3382775889721437
237,1,0,-8.836,0.0114665,-6.3032,-6.0,-2.3382775889721437
238,1,0,-8.4524,0.0114633,-6.3709,-6.0,-2.3382775889721437
239,1,0,-8.0737,0.0114613,-6.4833,-6.0,-2.3382775889721437
240,1,0,-7.7235,0.0114604,-6.6828,-6.0,-2.3382775889721437
241,1,0,-7.6703,0.0114603,-6.7325,-6.0,-2.3382775889721437
242,1,0,-7.5944,0.0114603,-6.8233,-6.0,-2.3382775889721437
243,1,0,-7.4474,0.0114608,-7.1758,-6.0,-2.3382775889721437
244,1,0,-7.4432,0.011463,-7.8545,-6.0,-2.3382775889721437
245,1,0,-10.192,0.0116134,-5.1981,-5.0,-2.3382775889721437
246,1,0,-9.1396,0.0115153,-5.2163,-5.0,-2.3382775889721437
247,1,0,-8.7623,0.0115004,-5.2322,-5.0,-2.3382775889721437
248,1,0,-8.3809,0.0114902,-5.2594,-5.0,-2.3382775889721437
249,1,0,-8.3084,0.0114886,-5.2666,-5.0,-2.3382775889721437
250,1,0,-7.8059,0.0114798,-5.3481,-5.0,-2.3382775889721437
251,1,0,-7.4259,0.0114733,-5.5068,-5.0,-2.3382775889721437
252,1,0,-7.2437,0.0114693,-5.6901,-5.0,-2.3382775889721437
253,1,0,-7.0947,0.0114654,-6.003,-5.0,-2.3382775889721437
254,1,0,-6.9778,0.0114636,-6.7246,-5.0,-2.3382775889721437
255,1,0,-7.7456,0.0116563,-4.2809,-4.0,-2.3382775889721437
256,1,0,-7.3661,0.0116235,-4.3809,-4.0,-2.3382775889721437
257,1,0,-7.2124,0.0116026,-4.4632,-4.0,-2.3382775889721437
258,1,0,-6.8453,0.0115191,-5.0215,-4.0,-2.3382775889721437
259,1,0,-6.7304,0.0114924,-5.5151,-4.0,-2.3382775889721437
260,1,0,-6.688,0.0114844,-5.9145,-4.0,-2.3382775889721437
261,1,0,-6.6848,0.0114823,-6.1818,-4.0,-2.3382775889721437
262,1,0,-6.705,0.0114818,-6.4454,-4.0,-2.3382775889721437
263,1,0,-6.8763,0.0114838,-7.1177,-4.0,-2.3382775889721437
264,4,0,-12.161,0.0118974,-6.1949,-6.0,-3.300489028082744
265,4,0,-11.36,0.0116314,-6.1965,-6.0,-3.300489028082744
266,4,0,-10.269,0.0115065,-6.2102,-6.0,-3.300489028082744
267,4,0,-9.5093,0.0114778,-6.2389,-6.0,-3.300489028082744
268,4,0,-8.9879,0.0114686,-6.2809,-6.0,-3.300489028082744
269,4,0,-8.5333,0.0114641,-6.3478,-6.0,-3.300489028082744
270,4,0,-8.062,0.0114615,-6.4765,-6.0,-3.300489028082744
271,4,0,-7.5782,0.0114604,-6.8072,-6.0,-3.300489028082744
272,4,0,-7.3972,0.0114615,-7.3463,-6.0,-3.300489028082744
273,4,0,-7.6997,0.0114678,-8.9044,-6.0,-3.300489028082744
274,4,0,-7.7781,0.0114686,-9.1175,-6.0,-3.300489028082744
275,4,0,-8.2311,0.0114714,-10.185,-6.0,-3.300489028082744
276,4,0,-8.7201,0.0114729,-11.209,-6.0,-3.300489028082744
277,4,0,-9.1824,0.0114745,-12.125,-6.0,-3.300489028082744
278,1,0,-9.3959,0.00897618,-12.599,-6.0,-2.9537015418580874
279,1,0,-9.1878,0.00897481,-12.202,-6.0,-2.9537015418580874
280,1,0,-8.8053,0.00897331,-11.448,-6.0,-2.9537015418580874
281,1,0,-8.6136,0.00897277,-11.06,-6.0,-2.9537015418580874
282,1,0,-8.5345,0.00897254,-10.897,-6.0,-2.9537015418580874
283,1,0,-8.4056,0.00897215,-10.629,-6.0,-2.9537015418580874
284,1,0,-8.1161,0.00897099,-10.005,-6.0,-2.9537015418580874
285,1,0,-8.0767,0.00897078,-9.9167,-6.0,-2.9537015418580874
286,1,0,-7.8135,0.00896896,-9.2946,-6.0,-2.9537015418580874
287,1,0,-8.5635,0.0224898,-10.892,-6.0,-2.9537015418580874
288,1,0,-8.2253,0.0224885,-10.172,-6.0,-2.9537015418580874
289,1,0,-8.0234,0.0224874,-9.7141,-6.0,-2.9537015418580874
290,1,0,-7.8281,0.0224858,-9.234,-6.0,-2.9537015418580874
291,1,0,-8.4902,0.0224895,-10.74,-6.0,-2.9537015418580874
292,1,0,-8.258,0.0224887,-10.244,-6.0,-2.9537015418580874
293,1,0,-8.0085,0.0224873,-9.6791,-6.0,-2.9537015418580874
294,1,0,-7.9514,0.0224869,-9.5427,-6.0,-2.9537015418580874
295,1,0,-8.6333,0.0103875,-11.075,-6.0,-2.9537015418580874
296,1,0,-8.404,0.010387,-10.606,-6.0,-2.9537015418580874
297,1,0,-8.1972,0.0103864,-10.168,-6.0,-2.9537015418580874
298,1,0,-8.0544,0.0103858,-9.8524,-6.0,-2.9537015418580874
299,1,0,-7.8983,0.0103848,-9.4903,-6.0,-2.9537015418580874
300,1,0,-7.8263,0.0103843,-9.3148,-6.0,-2.9537015418580874
301,1,0,-7.7609,0.0103837,-9.1493,-6.0,-2.9537015418580874
302,1,0,-8.4229,0.0241596,-10.534,-6.0,-2.9537015418580874
303,1,0,-8.1496,0.0241591,-9.968,-6.0,-2.9537015418580874
304,1,0,-7.9732,0.0241584,-9.5744,-6.0,-2.9537015418580874
305,3,0,-9.8961,0.0115815,-5.2001,-5.0,-1.7776102828024063
306,3,0,-9.2303,0.0115243,-5.2117,-5.0,-1.7776102828024063
307,3,0,-7.8949,0.0114831,-5.3151,-5.0,-1.7776102828024063
308,3,0,-7.2979,0.0114729,-5.5571,-5.0,-1.7776102828024063
309,3,0,-6.9369,0.0114648,-6.4468,-5.0,-1.7776102828024063
310,3,0,-8.8694,0.0117538,-4.2053,-4.0,-1.7776102828024063
311,3,0,-8.2618,0.0116962,-4.2251,-4.0,-1.7776102828024063
312,3,0,-7.4007,0.0116347,-4.3448,-4.0,-1.7776102828024063
313,3,0,-7.1792,0.0116083,-4.4429,-4.0,-1.7776102828024063
314,3,0,-7.0057,0.0115767,-4.5899,-4.0,-1.7776102828024063
315,3,0,-6.8734,0.0115445,-4.7921,-4.0,-1.7776102828024063
316,3,0,-6.6677,0.0114938,-5.5041,-4.0,-1.7776102828024063
317,3,0,-9.9165,0.0115758,-5.2007,-5.0,-1.7776102828024063
318,3,0,-8.9887,0.0115092,-5.2218,-5.0,-1.7776102828024063
319,3,0,-8.1113,0.0114856,-5.2909,-5.0,-1.7776102828024063
320,3,0,-7.6306,0.0114777,-5.4029,-5.0,-1.7776102828024063
321,3,0,-7.5045,0.0114756,-5.4602,-5.0,-1.7776102828024063
322,3,0,-7.136,0.0114672,-5.898,-5.0,-1.7776102828024063
323,3,0,-7.0282,0.0114647,-6.2793,-5.0,-1.7776102828024063
324,3,0,-7.0674,0.0114674,-7.6019,-5.0,-1.7776102828024063
325,3,0,-7.5227,0.011472,-8.933,-5.0,-1.7776102828024063
326,3,0,-7.633,0.0114725,-9.1876,-5.0,-1.7776102828024063
327,3,0,-7.7241,0.0114728,-9.3913,-5.0,-1.7776102828024063
328,3,0,-8.4791,0.0114737,-10.971,-5.0,-1.7776102828024063
329,3,0,-8.5411,0.0114737,-11.096,-5.0,-1.7776102828024063
330,3,0,-10.729,0.0124723,-4.1979,-4.0,-1.7776102828024063
331,3,0,-9.1221,0.0117792,-4.2024,-4.0,-1.7776102828024063
332,3,0,-8.3505,0.0116977,-4.224,-4.0,-1.7776102828024063
333,3,0,-7.8976,0.0116671,-4.2601,-4.0,-1.7776102828024063
334,3,0,-7.6133,0.0116471,-4.3065,-4.0,-1.7776102828024063
335,3,0,-7.395,0.0116271,-4.3706,-4.0,-1.7776102828024063
336,3,0,-7.1018,0.0115827,-4.5589,-4.0,-1.7776102828024063
337,3,0,-7.0207,0.0115646,-4.6574,-4.0,-1.7776102828024063
338,3,0,-6.7163,0.01149,-5.6348,-4.0,-1.7776102828024063
339,3,0,-6.7004,0.011487,-5.7805,-4.0,-1.7776102828024063
340,3,0,-6.687,0.0114841,-6.0159,-4.0,-1.7776102828024063
341,3,0,-6.9221,0.0114849,-7.226,-4.0,-1.7776102828024063
342,3,0,-8.723,0.0114871,-10.072,-4.0,-1.7776102828024063
343,1,0,-10.872,0.0115516,-6.2008,-6.0,-2.3382775889721437
344,1,0,-10.148,0.0114981,-6.2143,-6.0,-2.3382775889721437
345,1,0,-10.335,0.0115079,-6.2096,-6.0,-2.3382775889721437
346,1,0,-9.991,0.0114913,-6.2191,-6.0,-2.3382775889721437
347,1,0,-9.7052,0.0114818,-6.2307,-6.0,-2.3382775889721437
348,1,0,-9.5047,0.0114767,-6.2416,-6.0,-2.3382775889721437
349,1,0,-8.9006,0.011467,-6.296,-6.0,-2.3382775889721437
350,1,0,-8.8341,0.0114663,-6.3049,-6.0,-2.3382775889721437
351,1,0,-8.4788,0.0114634,-6.3673,-6.0,-2.3382775889721437
352,1,0,-8.0853,0.0114613,-6.4827,-6.0,-2.3382775889721437
353,1,0,-7.7461,0.0114604,-6.672,-6.0,-2.3382775889721437
354,1,0,-7.6793,0.0114603,-6.7332,-6.0,-2.3382775889721437
355,1,0,-7.6082,0.0114603,-6.8173,-6.0,-2.3382775889721437
356,1,0,-7.4529,0.0114608,-7.1926,-6.0,-2.3382775889721437
357,1,0,-7.4501,0.0114629,-7.8462,-6.0,-2.3382775889721437
358,1,0,-10.73,0.0119543,-8.8646,-6.0,-2.3382775889721437
359,1,0,-10.376,0.0119549,-8.8677,-6.0,-2.3382775889721437
360,1,0,-9.6181,0.0119563,-8.8734,-6.0,-2.3382775889721437
361,1,0,-9.4753,0.0119567,-8.8748,-6.0,-2.3382775889721437
362,1,0,-9.3,0.0119571,-8.8769,-6.0,-2.3382775889721437
363,1,0,-8.6363,0.0119596,-8.8953,-6.0,-2.3382775889721437
364,1,0,-8.2022,0.0119623,-8.9473,-6.0,-2.3382775889721437
365,2,0,-12.575,0.00747779,-6.4608,-6.301029995663981,-2.856791528850031
366,2,0,-11.58,0.00711946,-6.4616,-6.301029995663981,-2.856791528850031
367,2,0,-10.585,0.00700675,-6.4739,-6.301029995663981,-2.856791528850031
368,2,0,-9.6195,0.00697192,-6.5142,-6.301029995663981,-2.856791528850031
369,2,0,-8.7395,0.00696132,-6.6248,-6.301029995663981,-2.856791528850031
370,2,0,-8.0239,0.00695854,-6.8732,-6.301029995663981,-2.856791528850031
371,2,0,-7.5928,0.0069593,-7.385,-6.301029995663981,-2.856791528850031
372,2,0,-7.5995,0.00696268,-8.2241,-6.301029995663981,-2.856791528850031
373,2,0,-7.8933,0.00696681,-9.212,-6.301029995663981,-2.856791528850031
374,2,0,-8.363,0.00696987,-10.326,-6.301029995663981,-2.856791528850031
375,2,0,-8.8443,0.00697139,-11.333,-6.301029995663981,-2.856791528850031
376,2,0,-9.3421,0.00697319,-12.313,-6.301029995663981,-2.856791528850031
377,2,0,-9.963,0.00697852,-13.445,-6.301029995663981,-2.856791528850031
378,5,0,-13.61,0.0573172,-7.0586,-6.692503962086787,-2.9090638018867154
379,5,0,-12.551,0.0568347,-7.0603,-6.692503962086787,-2.9090638018867154
380,5,0,-11.367,0.0566865,-7.0714,-6.692503962086787,-2.9090638018867154
381,5,0,-10.263,0.0566509,-7.1112,-6.692503962086787,-2.9090638018867154
382,5,0,-8.8941,0.0566408,-7.3358,-6.692503962086787,-2.9090638018867154
383,5,0,-8.28,0.0566405,-7.6841,-6.692503962086787,-2.9090638018867154
384,5,0,-8.0952,0.0566413,-7.9599,-6.692503962086787,-2.9090638018867154
385,5,0,-8.0494,0.0566419,-8.1211,-6.692503962086787,-2.9090638018867154
386,5,0,-8.0332,0.0566424,-8.2516,-6.692503962086787,-2.9090638018867154
387,5,0,-8.0318,0.056643,-8.42,-6.692503962086787,-2.9090638018867154
388,5,0,-8.047,0.0566437,-8.5932,-6.692503962086787,-2.9090638018867154
389,5,0,-8.0842,0.0566446,-8.8158,-6.692503962086787,-2.9090638018867154
390,5,0,-8.177,0.056646,-9.186,-6.692503962086787,-2.9090638018867154
391,5,0,-8.4698,0.0566488,-10.015,-6.692503962086787,-2.9090638018867154
392,5,0,-8.8696,0.0566508,-10.926,-6.692503962086787,-2.9090638018867154
393,5,0,-9.4114,0.0566527,-12.025,-6.692503962086787,-2.9090638018867154
394,5,0,-9.9809,0.0566559,-13.071,-6.692503962086787,-2.9090638018867154
395,5,0,-10.301,0.0566589,-13.607,-6.692503962086787,-2.9090638018867154
396,5,0,-10.685,0.0566641,-14.206,-6.692503962086787,-2.9090638018867154
397,5,0,-10.795,0.0566659,-14.37,-6.692503962086787,-2.9090638018867154
398,5,0,-13.904,0.0575954,-7.0589,-6.690369832574102,-2.9090638018867154
399,5,0,-12.757,0.0568883,-7.0596,-6.690369832574102,-2.9090638018867154
400,5,0,-11.801,0.0567192,-7.0654,-6.690369832574102,-2.9090638018867154
401,5,0,-11.379,0.0566872,-7.0712,-6.690369832574102,-2.9090638018867154
402,5,0,-11.085,0.0566727,-7.0772,-6.690369832574102,-2.9090638018867154
403,5,0,-11.081,0.0566725,-7.0773,-6.690369832574102,-2.9090638018867154
404,5,0,-11.046,0.0566711,-7.0782,-6.690369832574102,-2.9090638018867154
405,5,0,-9.14,0.0566415,-7.2637,-6.690369832574102,-2.9090638018867154
406,5,0,-8.5809,0.0566403,-7.4695,-6.690369832574102,-2.9090638018867154
407,5,0,-8.3198,0.0566405,-7.6469,-6.690369832574102,-2.9090638018867154
408,5,0,-8.0365,0.0566422,-8.2121,-6.690369832574102,-2.9090638018867154
409,5,0,-8.0315,0.056643,-8.413,-6.690369832574102,-2.9090638018867154
410,5,0,-8.0792,0.0566445,-8.7908,-6.690369832574102,-2.9090638018867154
411,5,0,-8.1931,0.0566462,-9.2406,-6.690369832574102,-2.9090638018867154
412,5,0,-8.3489,0.0566478,-9.7025,-6.690369832574102,-2.9090638018867154
413,5,0,-8.5967,0.0566496,-10.32,-6.690369832574102,-2.9090638018867154
414,5,0,-8.7745,0.0566504,-10.721,-6.690369832574102,-2.9090638018867154
415,5,0,-8.8075,0.0566506,-10.792,-6.690369832574102,-2.9090638018867154
416,5,0,-9.5738,0.0566534,-12.334,-6.690369832574102,-2.9090638018867154
417,5,0,-10.308,0.056659,-13.619,-6.690369832574102,-2.9090638018867154
418,5,0,-10.909,0.0566679,-14.536,-6.690369832574102,-2.9090638018867154
419,5,0,-13.474,0.0585527,-6.0313,-5.669586226650809,-5.078640278466388
420,5,0,-12.006,0.0569867,-6.0296,-5.669586226650809,-5.078640278466388
421,5,0,-10.767,0.0567221,-6.0362,-5.669586226650809,-5.078640278466388
422,5,0,-9.9686,0.0566728,-6.0508,-5.669586226650809,-5.078640278466388
423,5,0,-9.7231,0.0566648,-6.0589,-5.669586226650809,-5.078640278466388
424,5,0,-9.4824,0.0566589,-6.0696,-5.669586226650809,-5.078640278466388
425,5,0,-9.21,0.056654,-6.0863,-5.669586226650809,-5.078640278466388
426,5,0,-8.8956,0.0566498,-6.1143,-5.669586226650809,-5.078640278466388
427,5,0,-8.5028,0.0566464,-6.1702,-5.669586226650809,-5.078640278466388
428,5,0,-8.0907,0.0566439,-6.2773,-5.669586226650809,-5.078640278466388
429,5,0,-7.6549,0.056642,-6.5791,-5.669586226650809,-5.078640278466388
430,5,0,-7.4428,0.0566433,-7.698,-5.669586226650809,-5.078640278466388
431,5,0,-7.55,0.0566455,-8.3066,-5.669586226650809,-5.078640278466388
432,5,0,-7.7023,0.0566473,-8.8192,-5.669586226650809,-5.078640278466388
433,5,0,-7.9871,0.0566495,-9.5669,-5.669586226650809,-5.078640278466388
434,5,0,-8.246,0.0566507,-10.159,-5.669586226650809,-5.078640278466388
435,5,0,-8.5211,0.0566516,-10.746,-5.669586226650809,-5.078640278466388
436,5,0,-13.535,0.0586769,-6.0377,-5.675717544702307,-4.078640278466388
437,5,0,-11.925,0.0569529,-6.0359,-5.675717544702307,-4.078640278466388
438,5,0,-10.379,0.056692,-6.0478,-5.675717544702307,-4.078640278466388
439,5,0,-10.043,0.0566754,-6.055,-5.675717544702307,-4.078640278466388
440,5,0,-9.6066,0.0566615,-6.0701,-5.675717544702307,-4.078640278466388
441,5,0,-9.0265,0.0566513,-6.1079,-5.675717544702307,-4.078640278466388
442,5,0,-8.7349,0.0566481,-6.1404,-5.675717544702307,-4.078640278466388
443,5,0,-8.3803,0.0566454,-6.2021,-5.675717544702307,-4.078640278466388
444,5,0,-8.1938,0.0566444,-6.2506,-5.675717544702307,-4.078640278466388
445,5,0,-7.9495,0.0566432,-6.346,-5.675717544702307,-4.078640278466388
446,5,0,-7.905,0.056643,-6.3699,-5.675717544702307,-4.078640278466388
447,5,0,-7.439,0.0566422,-7.3003,-5.675717544702307,-4.078640278466388
448,5,0,-7.4579,0.0566437,-7.8155,-5.675717544702307,-4.078640278466388
449,5,0,-7.615,0.0566463,-8.5377,-5.675717544702307,-4.078640278466388
450,5,0,-7.8641,0.0566487,-9.2583,-5.675717544702307,-4.078640278466388
451,5,0,-8.0678,0.0566499,-9.7536,-5.675717544702307,-4.078640278466388
452,5,0,-8.2919,0.0566509,-10.256,-5.675717544702307,-4.078640278466388
453,5,0,-8.5544,0.0566517,-10.813,-5.675717544702307,-4.078640278466388
454,5,0,-13.383,0.0583262,-6.0474,-5.686132779630847,-3.68070026979435
455,5,0,-11.915,0.0569456,-6.0463,-5.686132779630847,-3.68070026979435
456,5,0,-10.297,0.0566867,-6.0599,-5.686132779630847,-3.68070026979435
457,5,0,-9.7493,0.0566649,-6.075,-5.686132779630847,-3.68070026979435
458,5,0,-9.145,0.0566526,-6.1089,-5.686132779630847,-3.68070026979435
459,5,0,-8.6686,0.0566474,-6.1615,-5.686132779630847,-3.68070026979435
460,5,0,-8.4327,0.0566456,-6.2031,-5.686132779630847,-3.68070026979435
461,5,0,-8.1045,0.0566438,-6.2931,-5.686132779630847,-3.68070026979435
462,5,0,-7.693,0.0566421,-6.5576,-5.686132779630847,-3.68070026979435
463,5,0,-7.525,0.0566416,-6.8664,-5.686132779630847,-3.68070026979435
464,5,0,-7.4619,0.0566418,-7.1351,-5.686132779630847,-3.68070026979435
465,5,0,-7.439,0.0566426,-7.4687,-5.686132779630847,-3.68070026979435
466,5,0,-7.4736,0.056644,-7.9013,-5.686132779630847,-3.68070026979435
467,5,0,-7.5331,0.0566451,-8.2134,-5.686132779630847,-3.68070026979435
468,5,0,-7.6628,0.0566468,-8.6839,-5.686132779630847,-3.68070026979435
469,5,0,-7.8427,0.0566485,-9.1956,-5.686132779630847,-3.68070026979435
470,5,0,-8.2334,0.0566506,-10.123,-5.686132779630847,-3.68070026979435
471,5,0,-8.3318,0.056651,-10.337,-5.686132779630847,-3.68070026979435
472,5,0,-8.682,0.056652,-11.071,-5.686132779630847,-3.68070026979435
473,5,0,-14.368,0.0583107,-7.039,-6.686132779630847,-3.68070026979435
474,5,0,-12.885,0.0569342,-7.038,-6.686132779630847,-3.68070026979435
475,5,0,-11.279,0.0566825,-7.0515,-6.686132779630847,-3.68070026979435
476,5,0,-10.711,0.0566606,-7.067,-6.686132779630847,-3.68070026979435
477,5,0,-10.084,0.0566486,-7.1016,-6.686132779630847,-3.68070026979435
478,5,0,-9.6773,0.0566445,-7.1425,-6.686132779630847,-3.68070026979435
479,5,0,-9.4592,0.056643,-7.1742,-6.686132779630847,-3.68070026979435
480,5,0,-9.1073,0.0566414,-7.247,-6.686132779630847,-3.68070026979435
481,5,0,-8.5898,0.0566403,-7.4361,-6.686132779630847,-3.68070026979435
482,5,0,-8.3003,0.0566405,-7.6311,-6.686132779630847,-3.68070026979435
483,5,0,-8.1505,0.0566409,-7.8065,-6.686132779630847,-3.68070026979435
484,5,0,-8.0475,0.0566417,-8.0558,-6.686132779630847,-3.68070026979435
485,5,0,-8.0228,0.0566431,-8.4317,-6.686132779630847,-3.68070026979435
486,5,0,-8.0591,0.0566442,-8.7199,-6.686132779630847,-3.68070026979435
487,5,0,-8.1603,0.0566458,-9.1449,-6.686132779630847,-3.68070026979435
488,5,0,-8.3554,0.0566478,-9.7291,-6.686132779630847,-3.68070026979435
489,5,0,-8.7361,0.0566502,-10.64,-6.686132779630847,-3.68070026979435
490,5,0,-8.8389,0.0566506,-10.864,-6.686132779630847,-3.68070026979435
491,5,0,-9.1924,0.0566518,-11.596,-6.686132779630847,-3.68070026979435
492,5,0,-12.363,0.0566856,-8.0715,-7.698970004336019,-4.078640278466388
493,5,0,-11.811,0.0566625,-8.0853,-7.698970004336019,-4.078640278466388
494,5,0,-11.199,0.0566495,-8.1155,-7.698970004336019,-4.078640278466388
495,5,0,-10.652,0.0566438,-8.1688,-7.698970004336019,-4.078640278466388
496,5,0,-10.131,0.0566411,-8.2648,-7.698970004336019,-4.078640278466388
497,5,0,-9.6863,0.0566402,-8.4126,-7.698970004336019,-4.078640278466388
498,5,0,-9.3046,0.0566403,-8.6319,-7.698970004336019,-4.078640278466388
499,5,0,-9.1228,0.0566408,-8.7938,-7.698970004336019,-4.078640278466388
500,5,0,-9.0111,0.0566413,-8.9315,-7.698970004336019,-4.078640278466388
501,5,0,-8.8905,0.0566424,-9.167,-7.698970004336019,-4.078640278466388
502,5,0,-8.834,0.0566439,-9.4635,-7.698970004336019,-4.078640278466388
503,5,0,-8.8443,0.0566452,-9.7273,-7.698970004336019,-4.078640278466388
504,5,0,-8.9156,0.0566467,-10.093,-7.698970004336019,-4.078640278466388
505,5,0,-9.0363,0.0566481,-10.484,-7.698970004336019,-4.078640278466388
506,5,0,-9.2689,0.0566497,-11.072,-7.698970004336019,-4.078640278466388
507,5,0,-9.4895,0.0566507,-11.557,-7.698970004336019,-4.078640278466388
508,5,0,-9.7718,0.0566516,-12.125,-7.698970004336019,-4.078640278466388
509,5,0,-13.402,0.0584028,-6.029,-5.667561540084395,-3.68070026979435
510,5,0,-10.226,0.0566841,-6.0424,-5.667561540084395,-3.68070026979435
511,5,0,-9.3802,0.0566569,-6.0731,-5.667561540084395,-3.68070026979435
512,5,0,-8.6868,0.0566478,-6.138,-5.667561540084395,-3.68070026979435
513,5,0,-8.4066,0.0566457,-6.1869,-5.667561540084395,-3.68070026979435
514,5,0,-7.5212,0.0566417,-6.8363,-5.667561540084395,-3.68070026979435
515,5,0,-7.4425,0.056642,-7.2075,-5.667561540084395,-3.68070026979435
516,5,0,-7.4321,0.0566428,-7.5405,-5.667561540084395,-3.68070026979435
517,5,0,-7.5159,0.056645,-8.1648,-5.667561540084395,-3.68070026979435
518,5,0,-7.5954,0.0566461,-8.4787,-5.667561540084395,-3.68070026979435
519,5,0,-7.6491,0.0566468,-8.658,-5.667561540084395,-3.68070026979435
520,5,0,-7.7656,0.0566479,-9.0017,-5.667561540084395,-3.68070026979435
521,5,0,-7.8571,0.0566487,-9.2457,-5.667561540084395,-3.68070026979435
522,5,0,-8.0657,0.05665,-9.7533,-5.667561540084395,-3.68070026979435
523,5,0,-8.4415,0.0566514,-10.58,-5.667561540084395,-3.68070026979435
